-- ============================================================
-- Migration 009: Seed data for development/testing
-- Run AFTER all other migrations
-- NOTE: Users must first be created in Supabase Auth dashboard,
--       then their UUIDs used here to seed the users table.
-- ============================================================

-- ── PLACEHOLDER UUIDs — replace with real auth.users UUIDs ──
-- After creating these users in Supabase Auth dashboard:
--   staff@caresync.test    / TestPass123!
--   supervisor@caresync.test / TestPass123!
--   manager@caresync.test  / TestPass123!

-- UNCOMMENT and update UUIDs after creating auth users:
/*
INSERT INTO public.users (id, email, full_name, role, is_active) VALUES
  ('00000000-0000-0000-0000-000000000001', 'staff@caresync.test',      'Alice Nurse',      'staff',      true),
  ('00000000-0000-0000-0000-000000000002', 'supervisor@caresync.test', 'Bob Supervisor',   'supervisor', true),
  ('00000000-0000-0000-0000-000000000003', 'manager@caresync.test',    'Carol Manager',    'manager',    true);

-- 5 test clients
INSERT INTO public.clients (id, full_name, date_of_birth, room_number, key_worker_id, is_active) VALUES
  ('10000000-0000-0000-0000-000000000001', 'George Adams',   '1942-03-14', '1', '00000000-0000-0000-0000-000000000001', true),
  ('10000000-0000-0000-0000-000000000002', 'Dorothy Brown',  '1938-07-22', '2', '00000000-0000-0000-0000-000000000001', true),
  ('10000000-0000-0000-0000-000000000003', 'Harold Clarke',  '1945-11-05', '3', '00000000-0000-0000-0000-000000000002', true),
  ('10000000-0000-0000-0000-000000000004', 'Edith Davis',    '1950-01-30', '4', '00000000-0000-0000-0000-000000000002', true),
  ('10000000-0000-0000-0000-000000000005', 'Frank Evans',    '1935-09-18', '5', '00000000-0000-0000-0000-000000000001', true),
  ('10000000-0000-0000-0000-000000000006', 'Irene Foster',   '1941-12-08', '6', '00000000-0000-0000-0000-000000000001', true),
  ('10000000-0000-0000-0000-000000000007', 'Peter Green',    '1939-05-19', '7', '00000000-0000-0000-0000-000000000002', true),
  ('10000000-0000-0000-0000-000000000008', 'Eileen Harris',  '1947-02-11', '8', '00000000-0000-0000-0000-000000000001', true),
  ('10000000-0000-0000-0000-000000000009', 'Arthur Irving',  '1936-10-27', '9', '00000000-0000-0000-0000-000000000001', true),
  ('10000000-0000-0000-0000-000000000010', 'Mary Johnson',   '1944-06-03', '10','00000000-0000-0000-0000-000000000002', true),
  ('10000000-0000-0000-0000-000000000011', 'Ronald King',    '1940-01-15', '11','00000000-0000-0000-0000-000000000001', true),
  ('10000000-0000-0000-0000-000000000012', 'Patricia Lewis', '1937-08-21', '12','00000000-0000-0000-0000-000000000002', true),
  ('10000000-0000-0000-0000-000000000013', 'Albert Morris',  '1946-11-30', '13','00000000-0000-0000-0000-000000000001', true),
  ('10000000-0000-0000-0000-000000000014', 'Sylvia Nelson',  '1935-03-09', '14','00000000-0000-0000-0000-000000000001', true),
  ('10000000-0000-0000-0000-000000000015', 'George O’Brien', '1943-09-12', '15','00000000-0000-0000-0000-000000000002', true),
  ('10000000-0000-0000-0000-000000000016', 'June Parker',    '1948-04-18', '16','00000000-0000-0000-0000-000000000001', true),
  ('10000000-0000-0000-0000-000000000017', 'Kenneth Quinn',  '1934-07-01', '17','00000000-0000-0000-0000-000000000002', true),
  ('10000000-0000-0000-0000-000000000018', 'Margaret Reed',  '1942-02-23', '18','00000000-0000-0000-0000-000000000001', true),
  ('10000000-0000-0000-0000-000000000019', 'Thomas Shaw',    '1938-12-02', '19','00000000-0000-0000-0000-000000000001', true),
  ('10000000-0000-0000-0000-000000000020', 'Barbara Turner', '1945-05-25', '20','00000000-0000-0000-0000-000000000002', true);

-- Medications (seeded examples)
INSERT INTO public.medications (id, client_id, medication_name, dosage, frequency, route, prescriber, start_date, is_active) VALUES
  -- George Adams
  ('20000000-0000-0000-0000-000000000001', '10000000-0000-0000-0000-000000000001', 'Amlodipine',   '5mg',   'Once daily',  'oral', 'Dr. Smith', '2024-01-01', true),
  ('20000000-0000-0000-0000-000000000002', '10000000-0000-0000-0000-000000000001', 'Aspirin',      '75mg',  'Once daily',  'oral', 'Dr. Smith', '2024-01-01', true),
  ('20000000-0000-0000-0000-000000000003', '10000000-0000-0000-0000-000000000001', 'Omeprazole',   '20mg',  'Once daily',  'oral', 'Dr. Smith', '2024-01-01', true),
  -- Dorothy Brown
  ('20000000-0000-0000-0000-000000000004', '10000000-0000-0000-0000-000000000002', 'Metformin',    '500mg', 'Twice daily', 'oral', 'Dr. Jones', '2024-01-01', true),
  ('20000000-0000-0000-0000-000000000005', '10000000-0000-0000-0000-000000000002', 'Atorvastatin', '10mg',  'Once daily',  'oral', 'Dr. Jones', '2024-01-01', true),
  ('20000000-0000-0000-0000-000000000006', '10000000-0000-0000-0000-000000000002', 'Ramipril',     '2.5mg', 'Once daily',  'oral', 'Dr. Jones', '2024-01-01', true),
  -- Harold Clarke
  ('20000000-0000-0000-0000-000000000007', '10000000-0000-0000-0000-000000000003', 'Bisoprolol',   '2.5mg', 'Once daily',  'oral', 'Dr. Smith', '2024-01-01', true),
  ('20000000-0000-0000-0000-000000000008', '10000000-0000-0000-0000-000000000003', 'Furosemide',   '40mg',  'Once daily',  'oral', 'Dr. Smith', '2024-01-01', true),
  ('20000000-0000-0000-0000-000000000009', '10000000-0000-0000-0000-000000000003', 'Sertraline',   '50mg',  'Once daily',  'oral', 'Dr. Smith', '2024-01-01', true),
  -- Edith Davis
  ('20000000-0000-0000-0000-000000000010', '10000000-0000-0000-0000-000000000004', 'Levothyroxine','50mcg', 'Once daily',  'oral', 'Dr. Brown', '2024-01-01', true),
  ('20000000-0000-0000-0000-000000000011', '10000000-0000-0000-0000-000000000004', 'Clopidogrel',  '75mg',  'Once daily',  'oral', 'Dr. Brown', '2024-01-01', true),
  ('20000000-0000-0000-0000-000000000012', '10000000-0000-0000-0000-000000000004', 'Donepezil',    '5mg',   'Once daily',  'oral', 'Dr. Brown', '2024-01-01', true),
  -- Frank Evans
  ('20000000-0000-0000-0000-000000000013', '10000000-0000-0000-0000-000000000005', 'Warfarin',     '3mg',   'Once daily',  'oral', 'Dr. Evans', '2024-01-01', true),
  ('20000000-0000-0000-0000-000000000014', '10000000-0000-0000-0000-000000000005', 'Codeine',      '30mg',  'Twice daily', 'oral', 'Dr. Evans', '2024-01-01', true),
  ('20000000-0000-0000-0000-000000000015', '10000000-0000-0000-0000-000000000005', 'Lactulose',    '15ml',  'Twice daily', 'oral', 'Dr. Evans', '2024-01-01', true),

  -- Additional seeded residents (1 medication each)
  ('20000000-0000-0000-0000-000000000016', '10000000-0000-0000-0000-000000000006', 'Paracetamol',   '500mg', 'Up to four times daily', 'oral', 'Dr. Patel', '2024-01-01', true),
  ('20000000-0000-0000-0000-000000000017', '10000000-0000-0000-0000-000000000007', 'Ramipril',      '5mg',   'Once daily',              'oral', 'Dr. Jones', '2024-01-01', true),
  ('20000000-0000-0000-0000-000000000018', '10000000-0000-0000-0000-000000000008', 'Amlodipine',    '10mg',  'Once daily',              'oral', 'Dr. Smith', '2024-01-01', true),
  ('20000000-0000-0000-0000-000000000019', '10000000-0000-0000-0000-000000000009', 'Metformin',     '500mg', 'Twice daily',             'oral', 'Dr. Jones', '2024-01-01', true),
  ('20000000-0000-0000-0000-000000000020', '10000000-0000-0000-0000-000000000010', 'Atorvastatin',  '20mg',  'Once daily',              'oral', 'Dr. Brown', '2024-01-01', true),

  ('20000000-0000-0000-0000-000000000021', '10000000-0000-0000-0000-000000000011', 'Bisoprolol',    '5mg',   'Once daily',              'oral', 'Dr. Smith', '2024-01-01', true),
  ('20000000-0000-0000-0000-000000000022', '10000000-0000-0000-0000-000000000012', 'Omeprazole',    '20mg',  'Once daily',              'oral', 'Dr. Patel', '2024-01-01', true),
  ('20000000-0000-0000-0000-000000000023', '10000000-0000-0000-0000-000000000013', 'Sertraline',    '50mg',  'Once daily',              'oral', 'Dr. Smith', '2024-01-01', true),
  ('20000000-0000-0000-0000-000000000024', '10000000-0000-0000-0000-000000000014', 'Furosemide',    '40mg',  'Once daily',              'oral', 'Dr. Brown', '2024-01-01', true),
  ('20000000-0000-0000-0000-000000000025', '10000000-0000-0000-0000-000000000015', 'Levothyroxine', '75mcg', 'Once daily',              'oral', 'Dr. Evans', '2024-01-01', true),

  ('20000000-0000-0000-0000-000000000026', '10000000-0000-0000-0000-000000000016', 'Aspirin',       '75mg',  'Once daily',              'oral', 'Dr. Jones', '2024-01-01', true),
  ('20000000-0000-0000-0000-000000000027', '10000000-0000-0000-0000-000000000017', 'Donepezil',     '10mg',  'Once daily',              'oral', 'Dr. Brown', '2024-01-01', true),
  ('20000000-0000-0000-0000-000000000028', '10000000-0000-0000-0000-000000000018', 'Clopidogrel',   '75mg',  'Once daily',              'oral', 'Dr. Smith', '2024-01-01', true),
  ('20000000-0000-0000-0000-000000000029', '10000000-0000-0000-0000-000000000019', 'Warfarin',      '2mg',   'Once daily',              'oral', 'Dr. Evans', '2024-01-01', true),
  ('20000000-0000-0000-0000-000000000030', '10000000-0000-0000-0000-000000000020', 'Lactulose',     '10ml',  'Once daily',              'oral', 'Dr. Patel', '2024-01-01', true);

-- Starting stock (examples)
INSERT INTO public.stock (medication_id, client_id, current_quantity, unit, reorder_threshold) VALUES
  ('20000000-0000-0000-0000-000000000001', '10000000-0000-0000-0000-000000000001', 28, 'tablets', 7),
  ('20000000-0000-0000-0000-000000000002', '10000000-0000-0000-0000-000000000001', 28, 'tablets', 7),
  ('20000000-0000-0000-0000-000000000003', '10000000-0000-0000-0000-000000000001', 28, 'tablets', 7),
  ('20000000-0000-0000-0000-000000000004', '10000000-0000-0000-0000-000000000002', 56, 'tablets', 14),
  ('20000000-0000-0000-0000-000000000005', '10000000-0000-0000-0000-000000000002', 28, 'tablets', 7),
  ('20000000-0000-0000-0000-000000000006', '10000000-0000-0000-0000-000000000002', 28, 'tablets', 7),
  ('20000000-0000-0000-0000-000000000007', '10000000-0000-0000-0000-000000000003', 28, 'tablets', 7),
  ('20000000-0000-0000-0000-000000000008', '10000000-0000-0000-0000-000000000003', 28, 'tablets', 7),
  ('20000000-0000-0000-0000-000000000009', '10000000-0000-0000-0000-000000000003', 28, 'tablets', 7),
  ('20000000-0000-0000-0000-000000000010', '10000000-0000-0000-0000-000000000004', 28, 'tablets', 7),
  ('20000000-0000-0000-0000-000000000011', '10000000-0000-0000-0000-000000000004', 28, 'tablets', 7),
  ('20000000-0000-0000-0000-000000000012', '10000000-0000-0000-0000-000000000004', 28, 'tablets', 7),
  ('20000000-0000-0000-0000-000000000013', '10000000-0000-0000-0000-000000000005', 28, 'tablets', 7),
  ('20000000-0000-0000-0000-000000000014', '10000000-0000-0000-0000-000000000005', 56, 'tablets', 14),
  ('20000000-0000-0000-0000-000000000015', '10000000-0000-0000-0000-000000000005', 500, 'ml',     100),

  ('20000000-0000-0000-0000-000000000016', '10000000-0000-0000-0000-000000000006', 64,  'tablets', 16),
  ('20000000-0000-0000-0000-000000000017', '10000000-0000-0000-0000-000000000007', 28,  'tablets', 7),
  ('20000000-0000-0000-0000-000000000018', '10000000-0000-0000-0000-000000000008', 28,  'tablets', 7),
  ('20000000-0000-0000-0000-000000000019', '10000000-0000-0000-0000-000000000009', 56,  'tablets', 14),
  ('20000000-0000-0000-0000-000000000020', '10000000-0000-0000-0000-000000000010', 28,  'tablets', 7),

  ('20000000-0000-0000-0000-000000000021', '10000000-0000-0000-0000-000000000011', 28,  'tablets', 7),
  ('20000000-0000-0000-0000-000000000022', '10000000-0000-0000-0000-000000000012', 28,  'capsules', 7),
  ('20000000-0000-0000-0000-000000000023', '10000000-0000-0000-0000-000000000013', 28,  'tablets', 7),
  ('20000000-0000-0000-0000-000000000024', '10000000-0000-0000-0000-000000000014', 28,  'tablets', 7),
  ('20000000-0000-0000-0000-000000000025', '10000000-0000-0000-0000-000000000015', 28,  'tablets', 7),

  ('20000000-0000-0000-0000-000000000026', '10000000-0000-0000-0000-000000000016', 28,  'tablets', 7),
  ('20000000-0000-0000-0000-000000000027', '10000000-0000-0000-0000-000000000017', 28,  'tablets', 7),
  ('20000000-0000-0000-0000-000000000028', '10000000-0000-0000-0000-000000000018', 28,  'tablets', 7),
  ('20000000-0000-0000-0000-000000000029', '10000000-0000-0000-0000-000000000019', 28,  'tablets', 7),
  ('20000000-0000-0000-0000-000000000030', '10000000-0000-0000-0000-000000000020', 500, 'ml',     100);

-- Default recurring tasks
INSERT INTO public.tasks (id, title, description, shift, is_recurring, is_active, created_by) VALUES
  ('30000000-0000-0000-0000-000000000001', 'Morning medication round',    'Administer all AM medications', 'AM',   true, true, '00000000-0000-0000-0000-000000000003'),
  ('30000000-0000-0000-0000-000000000002', 'Morning personal care',       'Assist all residents with personal care', 'AM', true, true, '00000000-0000-0000-0000-000000000003'),
  ('30000000-0000-0000-0000-000000000003', 'Breakfast service',           'Serve breakfast and document intake', 'AM', true, true, '00000000-0000-0000-0000-000000000003'),
  ('30000000-0000-0000-0000-000000000004', 'Fire door check',             'Check all fire doors are closed properly', 'AM', true, true, '00000000-0000-0000-0000-000000000003'),
  ('30000000-0000-0000-0000-000000000005', 'Handover preparation',        'Complete MAR and prepare handover notes', 'AM', true, true, '00000000-0000-0000-0000-000000000003'),
  ('30000000-0000-0000-0000-000000000006', 'Evening medication round',    'Administer all PM medications', 'PM',   true, true, '00000000-0000-0000-0000-000000000003'),
  ('30000000-0000-0000-0000-000000000007', 'Evening personal care',       'Assist all residents with personal care', 'PM', true, true, '00000000-0000-0000-0000-000000000003'),
  ('30000000-0000-0000-0000-000000000008', 'Dinner service',              'Serve dinner and document intake', 'PM', true, true, '00000000-0000-0000-0000-000000000003'),
  ('30000000-0000-0000-0000-000000000009', 'End of shift checks',         'Complete all end-of-shift documentation', 'PM', true, true, '00000000-0000-0000-0000-000000000003'),
  ('30000000-0000-0000-0000-000000000010', 'Stock check',                 'Check and report any low stock items', 'BOTH', true, true, '00000000-0000-0000-0000-000000000003');
*/

-- This migration is commented out by default.
-- Run it after seeding auth users via the Supabase dashboard.
SELECT 'Seed migration ready. Uncomment and update UUIDs to apply seed data.' AS info;
